[
    {
        "name": "vscode",
        "commands": {
            "ubuntu": {
                "install": [
                    "sudo apt update",
                    "sudo apt install software-properties-common apt-transport-https wget -y",
                    "wget -q https://packages.microsoft.com/keys/microsoft.asc -O- | sudo apt-key add -",
                    "sudo add-apt-repository 'deb [arch=amd64] https://packages.microsoft.com/repos/vscode stable main'",
                    "sudo apt install code"
                ],
                "uninstall": [
                    "sudo apt remove code",
                    "sudo apt autoremove"
                ]
            },
            "arch": {
                "install": [
                    "sudo pacman -Q code"
                ],
                "uninstall": [
                    "sudo pacman -R code"
                ]
            }
        }
    },
    {
        "name": "codeblocks",
        "commands": {
            "ubuntu": {
                "install": [
                    "sudo add-apt-repository ppa:damien-moore/codeblocks-stable",
                    "sudo apt-get update",
                    "sudo apt-get install codeblocks codeblocks-contrib"
                ],
                "uninstall": [
                    "sudo apt remove codeblocks codeblocks-contrib",
                    "sudo apt autoremove"
                ]
            },
            "arch": {
                "install": [
                    "sudo pacman -Q codeblocks"
                ],
                "uninstall": [
                    "sudo pacman -R codeblocks"
                ]
            }
        }
    },
    {
        "name": "xampp",
        "commands": {
            "ubuntu": {
                "install": [
                    "wget https://www.apachefriends.org/xampp-files/5.6.20/xampp-linux-x64-5.6.20-0-installer.run",
                    "sudo su",
                    "chmod +x xampp-linux-x64-5.6.20-0-installer.run",
                    "./xampp-linux-x64-5.6.20-0-installer.run"
                ],
                "uninstall": [
                    "sudo opt/lampp/uninstall"
                ]
            },
            "arch": {
                "install": [
                    "wget https://www.apachefriends.org/xampp-files/5.6.20/xampp-linux-x64-5.6.20-0-installer.run",
                    "sudo su",
                    "chmod +x xampp-linux-x64-5.6.20-0-installer.run",
                    "./xampp-linux-x64-5.6.20-0-installer.run"
                ],
                "uninstall": [
                    "sudo opt/lampp/uninstall"
                ]
            }
        }
    }
]